{
	"customTemplates": [
		{
			"name": "page-no-title",
			"postTypes": [
				"page"
			],
			"title": "Page No Title"
		},
		{
			"name": "page-with-sidebar",
			"postTypes": [
				"page"
			],
			"title": "Page with Sidebar"
		},
		{
			"name": "page-wide",
			"postTypes": [
				"page"
			],
			"title": "Page with Wide Image"
		},
		{
			"name": "single-with-sidebar",
			"postTypes": [
				"post"
			],
			"title": "Single with Sidebar"
		}
	],
	"patterns": [
		"three-columns-of-services",
		"clients-section"
	],
	"settings": {
		"appearanceTools": true,
		"color": {
			"defaultDuotone": false,
			"defaultGradients": false,
			"defaultPalette": false,
			"duotone": [
				{
					"colors": [
						"#111111",
						"#ffffff"
					],
					"name": "Black and white",
					"slug": "duotone-1"
				},
				{
					"colors": [
						"#111111",
						"#277217"
					],
					"name": "Black and Maint Sccent",
					"slug": "duotone-2"
				},
				{
					"colors": [
						"#111111",
						"#d0ff9e"
					],
					"name": "Black and Medium Light Accent",
					"slug": "duotone-3"
				},
				{
					"colors": [
						"#111111",
						"#4ce62d"
					],
					"name": "Black and Medium Accent",
					"slug": "duotone-4"
				},
				{
					"colors": [
						"#111111",
						"#f2fbef"
					],
					"name": "Black and Light Accent",
					"slug": "duotone-5"
				}
			],
			"gradients": [
				{
					"gradient": "linear-gradient(to bottom, #277217 0%, #f8f8f8 100%)",
					"name": "Vertical Soft Accent to white",
					"slug": "gradient-1"
				},
				{
					"gradient": "linear-gradient(to bottom, #053d18 0%, #f8f8f8 100%)",
					"name": "Vertical Soft Dark Accent to white",
					"slug": "gradient-2"
				},
				{
					"gradient": "linear-gradient(to bottom, #2ba413 0%, #f8f8f8 100%)",
					"name": "Vertical Soft Highlight Accent to white",
					"slug": "gradient-3"
				},
				{
					"gradient": "linear-gradient(to bottom, #4ce62d 0%, #f8f8f8 100%)",
					"name": "Vertical Soft Medium Accent to white",
					"slug": "gradient-4"
				},
				{
					"gradient": "linear-gradient(to bottom, #d0ff9e 0%, #f8f8f8 100%)",
					"name": "Vertical Soft Medium Light Accent to white",
					"slug": "gradient-5"
				},
				{
					"gradient": "linear-gradient(to bottom, #f2fbef 0%, #f8f8f8 100%)",
					"name": "Vertical Soft Light Accent to white",
					"slug": "gradient-6"
				},
				{
					"gradient": "linear-gradient(to bottom, #277217 50%, #f8f8f8 50%)",
					"name": "Vertical Hard Accent to white",
					"slug": "gradient-7"
				},
				{
					"gradient": "linear-gradient(to bottom, #053d18 50%, #f8f8f8 50%)",
					"name": "Vertical Hard Dark Accent to white",
					"slug": "gradient-8"
				},
				{
					"gradient": "linear-gradient(to bottom, #2ba413 50%, #f8f8f8 50%)",
					"name": "Vertical Hard Highlight Accent to white",
					"slug": "gradient-9"
				},
				{
					"gradient": "linear-gradient(to bottom, #4ce62d 50%, #f8f8f8 50%)",
					"name": "Vertical Hard Medium Accent to white",
					"slug": "gradient-10"
				},
				{
					"gradient": "linear-gradient(to bottom, #d0ff9e 50%, #f8f8f8 50%)",
					"name": "Vertical Hard Medium Light to white",
					"slug": "gradient-11"
				},
				{
					"gradient": "linear-gradient(to bottom, #f2fbef 50%, #f8f8f8 50%)",
					"name": "Vertical Hard Light Accent to white",
					"slug": "gradient-12"
				}
			],
			"palette": [
				{
					"color": "#f8f8f8",
					"name": "Base",
					"slug": "base"
				},
				{
					"color": "#f2fbef",
					"name": "Base / Two",
					"slug": "base-2"
				},
				{
					"color": "#277217",
					"name": "Base / Three",
					"slug": "base-3"
				},
				{
					"color": "#ffffff",
					"name": "Base / Four",
					"slug": "base-4"
				},
				{
					"color": "#ffffff",
					"name": "Base / Five",
					"slug": "base-5"
				},
				{
					"color": "#6a6b6c",
					"name": "Contrast",
					"slug": "contrast"
				},
				{
					"color": "#5a5f59",
					"name": "Contrast / Two",
					"slug": "contrast-2"
				},
				{
					"color": "#f8f8f8",
					"name": "Contrast / Three",
					"slug": "contrast-3"
				},
				{
					"color": "#0c1115",
					"name": "Contrast / Four",
					"slug": "contrast-4"
				},
				{
					"color": "#bababa",
					"name": "Contrast / Five",
					"slug": "contrast-5"
				},
				{
					"color": "#277217",
					"name": "Accent",
					"slug": "accent"
				},
				{
					"color": "#053d18",
					"name": "Accent / Two",
					"slug": "accent-2"
				},
				{
					"color": "#5a5f59",
					"name": "Accent / Three",
					"slug": "accent-3"
				},
				{
					"color": "#2ba413",
					"name": "Accent / Four",
					"slug": "accent-4"
				},
				{
					"color": "#4ce62d",
					"name": "Accent / Five",
					"slug": "accent-5"
				},
				{
					"color": "#d0ff9e",
					"name": "Accent / Sic",
					"slug": "accent-6"
				},
				{
					"color": "#f2fbef",
					"name": "Accent / Seven",
					"slug": "accent-7"
				},
				{
					"color": "#f8f8f8",
					"name": "Accent / Eight",
					"slug": "accent-8"
				},
				{
					"color": "#ffffff",
					"name": "Accent / Nine",
					"slug": "accent-9"
				}
			]
		},
		"layout": {
			"contentSize": "620px",
			"wideSize": "1280px"
		},
		"spacing": {
			"defaultSpacingSizes": false,
			"spacingSizes": [
				{
					"name": "1",
					"size": "1rem",
					"slug": "10"
				},
				{
					"name": "2",
					"size": "min(1.5rem, 2vw)",
					"slug": "20"
				},
				{
					"name": "3",
					"size": "min(2.5rem, 3vw)",
					"slug": "30"
				},
				{
					"name": "4",
					"size": "min(4rem, 5vw)",
					"slug": "40"
				},
				{
					"name": "5",
					"size": "min(6.5rem, 8vw)",
					"slug": "50"
				},
				{
					"name": "6",
					"size": "min(10.5rem, 13vw)",
					"slug": "60"
				}
			],
			"units": [
				"%",
				"px",
				"em",
				"rem",
				"vh",
				"vw"
			]
		},
		"typography": {
			"defaultFontSizes": false,
			"fluid": true,
			"fontFamilies": [
				{
					"fontFace": [
						{
							"fontFamily": "Inter",
							"fontStretch": "normal",
							"fontStyle": "normal",
							"fontWeight": "300 900",
							"src": [
								"file:./assets/fonts/inter/Inter-VariableFont_slnt,wght.woff2"
							]
						}
					],
					"fontFamily": "\"Inter\", sans-serif",
					"name": "Inter",
					"slug": "body"
				},
				{
					"fontFamily": "-apple-system, BlinkMacSystemFont, avenir next, avenir, segoe ui, helvetica neue, helvetica, Cantarell, Ubuntu, roboto, noto, arial, sans-serif",
					"name": "System Sans-serif",
					"slug": "system-sans-serif"
				},
				{
					"fontFamily": "Iowan Old Style, Apple Garamond, Baskerville, Times New Roman, Droid Serif, Times, Source Serif Pro, serif, Apple Color Emoji, Segoe UI Emoji, Segoe UI Symbol",
					"name": "System Serif",
					"slug": "system-serif"
				}
			],
			"fontSizes": [
				{
					"fluid": false,
					"name": "Small",
					"size": "0.9rem",
					"slug": "small"
				},
				{
					"fluid": false,
					"name": "Medium",
					"size": "1.05rem",
					"slug": "medium"
				},
				{
					"fluid": {
						"max": "1.85rem",
						"min": "1.39rem"
					},
					"name": "Large",
					"size": "1.85rem",
					"slug": "large"
				},
				{
					"fluid": {
						"max": "2.5rem",
						"min": "1.85rem"
					},
					"name": "Extra Large",
					"size": "2.5rem",
					"slug": "x-large"
				},
				{
					"fluid": {
						"max": "3.27rem",
						"min": "2.5rem"
					},
					"name": "Extra Extra Large",
					"size": "3.27rem",
					"slug": "xx-large"
				}
			],
			"writingMode": true
		},
		"useRootPaddingAwareAlignments": true
	},
	"styles": {
		"blocks": {
			"core/avatar": {
				"border": {
					"radius": "90px"
				}
			},
			"core/button": {
				"variations": {
					"outline": {
						"border": {
							"width": "1px"
						},
						"spacing": {
							"padding": {
								"bottom": "calc(0.6rem - 1px)",
								"left": "calc(1rem - 1px)",
								"right": "calc(1rem - 1px)",
								"top": "calc(0.6rem - 1px)"
							}
						}
					}
				}
			},
			"core/buttons": {
				"spacing": {
					"blockGap": "0.7rem"
				}
			},
			"core/calendar": {
				"color": {
					"text": "var(--wp--preset--color--contrast)"
				},
				"css": ".wp-block-calendar table:where(:not(.has-text-color)) th{background-color:var(--wp--preset--color--contrast-2);color:var(--wp--preset--color--base);border-color:var(--wp--preset--color--contrast-2)} & table:where(:not(.has-text-color)) td{border-color:var(--wp--preset--color--contrast-2)}"
			},
			"core/categories": {
				"css": "& {list-style-type:none;} & li{margin-bottom: 0.5rem;}",
				"spacing": {
					"padding": {
						"left": "0px",
						"right": "0px"
					}
				}
			},
			"core/code": {
				"border": {
					"color": "var(--wp--preset--color--contrast)",
					"radius": "var(--wp--preset--spacing--20)"
				},
				"color": {
					"background": "var(--wp--preset--color--base-2)",
					"text": "var(--wp--preset--color--contrast-2)"
				},
				"spacing": {
					"padding": {
						"bottom": "calc(var(--wp--preset--spacing--30) + 0.75rem)",
						"left": "calc(var(--wp--preset--spacing--30) + 0.75rem)",
						"right": "calc(var(--wp--preset--spacing--30) + 0.75rem)",
						"top": "calc(var(--wp--preset--spacing--30) + 0.75rem)"
					}
				},
				"typography": {
					"fontSize": "var(--wp--preset--font-size--medium)",
					"fontStyle": "normal",
					"fontWeight": "400",
					"lineHeight": "1.6"
				}
			},
			"core/comment-author-name": {
				"color": {
					"text": "var(--wp--preset--color--contrast)"
				},
				"elements": {
					"link": {
						":hover": {
							"typography": {
								"textDecoration": "underline"
							}
						},
						"color": {
							"text": "var(--wp--preset--color--contrast)"
						},
						"typography": {
							"textDecoration": "none"
						}
					}
				},
				"typography": {
					"fontSize": "var(--wp--preset--font-size--small)",
					"fontStyle": "normal",
					"fontWeight": "600"
				}
			},
			"core/comment-content": {
				"spacing": {
					"margin": {
						"bottom": "var(--wp--preset--spacing--20)",
						"top": "var(--wp--preset--spacing--20)"
					}
				},
				"typography": {
					"fontSize": "var(--wp--preset--font-size--small)"
				}
			},
			"core/comment-date": {
				"color": {
					"text": "var(--wp--preset--color--contrast-2)"
				},
				"elements": {
					"link": {
						":hover": {
							"typography": {
								"textDecoration": "underline"
							}
						},
						"color": {
							"text": "var(--wp--preset--color--contrast-2)"
						},
						"typography": {
							"textDecoration": "none"
						}
					}
				},
				"spacing": {
					"margin": {
						"bottom": "0px",
						"top": "0px"
					}
				},
				"typography": {
					"fontSize": "var(--wp--preset--font-size--small)"
				}
			},
			"core/comment-edit-link": {
				"elements": {
					"link": {
						":hover": {
							"typography": {
								"textDecoration": "underline"
							}
						},
						"color": {
							"text": "var(--wp--preset--color--contrast-2)"
						},
						"typography": {
							"textDecoration": "none"
						}
					}
				},
				"typography": {
					"fontSize": "var(--wp--preset--font-size--small)"
				}
			},
			"core/comment-reply-link": {
				"elements": {
					"link": {
						":hover": {
							"typography": {
								"textDecoration": "underline"
							}
						},
						"color": {
							"text": "var(--wp--preset--color--contrast-2)"
						},
						"typography": {
							"textDecoration": "none"
						}
					}
				},
				"typography": {
					"fontSize": "var(--wp--preset--font-size--small)"
				}
			},
			"core/comments-pagination": {
				"typography": {
					"fontSize": "var(--wp--preset--font-size--small)"
				}
			},
			"core/comments-pagination-next": {
				"typography": {
					"fontSize": "var(--wp--preset--font-size--small)"
				}
			},
			"core/comments-pagination-numbers": {
				"typography": {
					"fontSize": "var(--wp--preset--font-size--small)"
				}
			},
			"core/comments-pagination-previous": {
				"typography": {
					"fontSize": "var(--wp--preset--font-size--small)"
				}
			},
			"core/footnotes": {
				"typography": {
					"fontSize": "var(--wp--preset--font-size--small)"
				}
			},
			"core/gallery": {
				"spacing": {
					"margin": {
						"bottom": "var(--wp--preset--spacing--50)"
					}
				}
			},
			"core/image": {
				"variations": {
					"rounded": {
						"border": {
							"radius": "var(--wp--preset--spacing--20)"
						}
					}
				}
			},
			"core/list": {
				"spacing": {
					"padding": {
						"left": "var(--wp--preset--spacing--10)"
					}
				}
			},
			"core/loginout": {
				"css": "& input{border-radius:.33rem;padding:calc(0.667em + 2px);border:1px solid #949494;}"
			},
			"core/navigation": {
				"elements": {
					"link": {
						":hover": {
							"typography": {
								"textDecoration": "underline"
							}
						},
						"typography": {
							"textDecoration": "none"
						}
					}
				},
				"typography": {
					"fontWeight": "500"
				}
			},
			"core/post-author": {
				"typography": {
					"fontSize": "var(--wp--preset--font-size--small)"
				}
			},
			"core/post-author-name": {
				"elements": {
					"link": {
						":hover": {
							"typography": {
								"textDecoration": "underline"
							}
						},
						"typography": {
							"textDecoration": "none"
						}
					}
				},
				"typography": {
					"fontSize": "var(--wp--preset--font-size--small)"
				}
			},
			"core/post-comments-form": {
				"css": "& textarea, input{border-radius:.33rem}"
			},
			"core/post-date": {
				"color": {
					"text": "var(--wp--preset--color--contrast-2)"
				},
				"elements": {
					"link": {
						":hover": {
							"typography": {
								"textDecoration": "underline"
							}
						},
						"color": {
							"text": "var(--wp--preset--color--contrast-2)"
						},
						"typography": {
							"textDecoration": "none"
						}
					}
				},
				"typography": {
					"fontSize": "var(--wp--preset--font-size--small)"
				}
			},
			"core/post-excerpt": {
				"typography": {
					"lineHeight": "1.6"
				}
			},
			"core/post-featured-image": {
				"border": {
					"radius": "var(--wp--preset--spacing--20)"
				}
			},
			"core/post-terms": {
				"css": "& .wp-block-post-terms__prefix{color: var(--wp--preset--color--contrast-2);}",
				"elements": {
					"link": {
						":hover": {
							"typography": {
								"textDecoration": "underline"
							}
						},
						"typography": {
							"textDecoration": "none"
						}
					}
				},
				"typography": {
					"fontSize": "var(--wp--preset--font-size--small)"
				}
			},
			"core/post-title": {
				"elements": {
					"link": {
						":hover": {
							"typography": {
								"textDecoration": "underline"
							}
						},
						"typography": {
							"textDecoration": "none"
						}
					}
				}
			},
			"core/pullquote": {
				"border": {
					"radius": "var(--wp--preset--spacing--20)"
				},
				"elements": {
					"cite": {
						"typography": {
							"fontFamily": "var(--wp--preset--font-family--body)",
							"fontSize": "var(--wp--preset--font-size--medium)",
							"fontStyle": "normal"
						}
					}
				},
				"spacing": {
					"padding": {
						"bottom": "var(--wp--preset--spacing--40)",
						"top": "var(--wp--preset--spacing--40)"
					}
				},
				"typography": {
					"fontFamily": "var(--wp--preset--font-family--heading)",
					"fontSize": "var(--wp--preset--font-size--x-large)",
					"fontStyle": "italic",
					"fontWeight": "400",
					"letterSpacing": "0em",
					"lineHeight": "1.5"
				}
			},
			"core/query-no-results": {
				"spacing": {
					"padding": {
						"top": "var(--wp--preset--spacing--30)"
					}
				}
			},
			"core/query-title": {
				"css": "& span {font-style: italic;}"
			},
			"core/quote": {
				"border": {
					"radius": "var(--wp--preset--spacing--20)"
				},
				"color": {
					"background": "var(--wp--preset--color--base-2)"
				},
				"css": "& :where(p) {margin-block-start:0;margin-block-end:calc(var(--wp--preset--spacing--10) + 0.5rem);} & :where(:last-child) {margin-block-end:0;} &.has-text-align-right.is-style-plain, .rtl .is-style-plain.wp-block-quote:not(.has-text-align-center):not(.has-text-align-left){border-width: 0 2px 0 0;padding-left:calc(var(--wp--preset--spacing--20) + 0.5rem);padding-right:calc(var(--wp--preset--spacing--20) + 0.5rem);} &.has-text-align-left.is-style-plain, body:not(.rtl) .is-style-plain.wp-block-quote:not(.has-text-align-center):not(.has-text-align-right){border-width: 0 0 0 2px;padding-left:calc(var(--wp--preset--spacing--20) + 0.5rem);padding-right:calc(var(--wp--preset--spacing--20) + 0.5rem)}",
				"elements": {
					"cite": {
						"typography": {
							"fontFamily": "var(--wp--preset--font-family--body)",
							"fontSize": "var(--wp--preset--font-size--small)",
							"fontStyle": "normal"
						}
					}
				},
				"spacing": {
					"padding": {
						"bottom": "calc(var(--wp--preset--spacing--30) + 0.75rem)",
						"left": "calc(var(--wp--preset--spacing--30) + 0.75rem)",
						"right": "calc(var(--wp--preset--spacing--30) + 0.75rem)",
						"top": "calc(var(--wp--preset--spacing--30) + 0.75rem)"
					}
				},
				"typography": {
					"fontFamily": "var(--wp--preset--font-family--heading)",
					"fontSize": "var(--wp--preset--font-size--large)",
					"fontStyle": "italic",
					"lineHeight": "1.3"
				},
				"variations": {
					"plain": {
						"border": {
							"color": "var(--wp--preset--color--contrast)",
							"radius": "0",
							"style": "solid",
							"width": "0"
						},
						"color": {
							"background": "transparent"
						},
						"spacing": {
							"padding": {
								"bottom": "var(--wp--preset--spacing--20)",
								"left": "var(--wp--preset--spacing--20)",
								"right": "var(--wp--preset--spacing--20)",
								"top": "var(--wp--preset--spacing--20)"
							}
						},
						"typography": {
							"fontFamily": "var(--wp--preset--font-family--body)",
							"fontSize": "var(--wp--preset--font-size--medium)",
							"fontStyle": "normal",
							"lineHeight": "1.5"
						}
					}
				}
			},
			"core/search": {
				"css": "& .wp-block-search__input{border-radius:.33rem}",
				"elements": {
					"button": {
						"border": {
							"radius": {
								"ref": "styles.elements.button.border.radius"
							}
						}
					}
				},
				"typography": {
					"fontSize": "var(--wp--preset--font-size--small)"
				}
			},
			"core/separator": {
				"border": {
					"color": "currentColor",
					"style": "solid",
					"width": "0 0 1px 0"
				},
				"color": {
					"text": "var(--wp--preset--color--contrast)"
				},
				"css": " &:not(.is-style-wide):not(.is-style-dots):not(.alignwide):not(.alignfull){width: var(--wp--preset--spacing--60)}"
			},
			"core/site-tagline": {
				"color": {
					"text": "var(--wp--preset--color--contrast-2)"
				},
				"typography": {
					"fontSize": "var(--wp--preset--font-size--small)"
				}
			},
			"core/site-title": {
				"elements": {
					"link": {
						":hover": {
							"typography": {
								"textDecoration": "none"
							}
						},
						"typography": {
							"textDecoration": "none"
						}
					}
				},
				"typography": {
					"fontFamily": "var(--wp--preset--font-family--body)",
					"fontSize": "1.2rem",
					"fontStyle": "normal",
					"fontWeight": "600"
				}
			}
		},
		"color": {
			"background": "var(--wp--preset--color--base)",
			"text": "var(--wp--preset--color--contrast)"
		},
		"css": ":where(.wp-site-blocks *:focus){outline-width:2px;outline-style:solid}",
		"elements": {
			"button": {
				":active": {
					"color": {
						"background": "var(--wp--preset--color--accent)",
						"text": "var(--wp--preset--color--base)"
					}
				},
				":focus": {
					"border": {
						"color": "var(--wp--preset--color--accent)"
					},
					"color": {
						"background": "var(--wp--preset--color--accent)",
						"text": "var(--wp--preset--color--base)"
					},
					"outline": {
						"color": "var(--wp--preset--color--sccent)",
						"offset": "2px"
					}
				},
				":hover": {
					"border": {
						"color": "var(--wp--preset--color--accent-4)"
					},
					"color": {
						"background": "var(--wp--preset--color--accent-4)",
						"text": "var(--wp--preset--color--base)"
					}
				},
				"border": {
					"color": "var(--wp--preset--color--contrast)",
					"radius": ".33rem"
				},
				"color": {
					"background": "var(--wp--preset--color--accent)",
					"text": "var(--wp--preset--color--base)"
				},
				"spacing": {
					"padding": {
						"bottom": "0.6rem",
						"left": "1rem",
						"right": "1rem",
						"top": "0.6rem"
					}
				},
				"typography": {
					"fontFamily": "var(--wp--preset--font-family--body)",
					"fontSize": "var(--wp--preset--font-size--small)",
					"fontStyle": "normal",
					"fontWeight": "500"
				}
			},
			"caption": {
				"color": {
					"text": "var(--wp--preset--color--contrast-2)"
				},
				"typography": {
					"fontFamily": "var(--wp--preset--font-family--body)",
					"fontSize": "0.8rem"
				}
			},
			"h1": {
				"typography": {
					"fontSize": "var(--wp--preset--font-size--xx-large)",
					"lineHeight": "1.15"
				}
			},
			"h2": {
				"typography": {
					"fontSize": "var(--wp--preset--font-size--x-large)"
				}
			},
			"h3": {
				"typography": {
					"fontSize": "var(--wp--preset--font-size--large)"
				}
			},
			"h4": {
				"typography": {
					"fontSize": "clamp(1.1rem, 1.1rem + ((1vw - 0.2rem) * 0.767), 1.5rem)"
				}
			},
			"h5": {
				"typography": {
					"fontSize": "var(--wp--preset--font-size--medium)"
				}
			},
			"h6": {
				"typography": {
					"fontSize": "var(--wp--preset--font-size--small)"
				}
			},
			"heading": {
				"color": {
					"text": "var(--wp--preset--color--contrast)"
				},
				"typography": {
					"fontFamily": "var(--wp--preset--font-family--body)",
					"fontStyle": "normal",
					"fontWeight": "400",
					"lineHeight": "1.2"
				}
			},
			"link": {
				":hover": {
					"color": {
						"text": "var(--wp--preset--color--accent-4)"
					},
					"typography": {
						"textDecoration": "none"
					}
				},
				"color": {
					"text": "var(--wp--preset--color--contrast-2)"
				},
				"typography": {
					"fontFamily": "var(--wp--preset--font-family--body)"
				}
			}
		},
		"spacing": {
			"blockGap": "1.2rem",
			"padding": {
				"left": "var(--wp--preset--spacing--50)",
				"right": "var(--wp--preset--spacing--50)"
			}
		},
		"typography": {
			"fontFamily": "var(--wp--preset--font-family--body)",
			"fontSize": "var(--wp--preset--font-size--medium)",
			"fontStyle": "normal",
			"fontWeight": "400",
			"lineHeight": "1.55"
		}
	},
	"templateParts": [
		{
			"area": "header",
			"name": "header",
			"title": "Header"
		},
		{
			"area": "footer",
			"name": "footer",
			"title": "Footer"
		},
		{
			"area": "uncategorized",
			"name": "sidebar",
			"title": "Sidebar"
		},
		{
			"area": "uncategorized",
			"name": "post-meta",
			"title": "Post Meta"
		}
	],
	"version": 3,
	"$schema": "https://schemas.wp.org/wp/6.8/theme.json"
}